"OldName","NewName"
"Menu_HOME_0001.png","0001.png"
"Menu_HOME_0002.png","0002.png"
"Menu_HOME_0003-Mega.png","0003-m.png"
"Menu_HOME_0003.png","0003.png"
"Menu_HOME_0004.png","0004.png"
"Menu_HOME_0005.png","0005.png"
"Menu_HOME_0006-Mega_X.png","0006-m.png"
"Menu_HOME_0006-Mega_Y.png","0006-m.png"
"Menu_HOME_0006.png","0006.png"
"Menu_HOME_0007.png","0007.png"
"Menu_HOME_0008.png","0008.png"
"Menu_HOME_0009-Mega.png","0009-m.png"
"Menu_HOME_0009.png","0009.png"
"Menu_HOME_0010.png","0010.png"
"Menu_HOME_0011.png","0011.png"
"Menu_HOME_0012.png","0012.png"
"Menu_HOME_0013.png","0013.png"
"Menu_HOME_0014.png","0014.png"
"Menu_HOME_0015-Mega.png","0015-m.png"
"Menu_HOME_0015.png","0015.png"
"Menu_HOME_0016.png","0016.png"
"Menu_HOME_0017.png","0017.png"
"Menu_HOME_0018-Mega.png","0018-m.png"
"Menu_HOME_0018.png","0018.png"
"Menu_HOME_0019-Alola.png","0019-a.png"
"Menu_HOME_0019.png","0019.png"
"Menu_HOME_0020-Alola.png","0020-a.png"
"Menu_HOME_0020.png","0020.png"
"Menu_HOME_0021.png","0021.png"
"Menu_HOME_0022.png","0022.png"
"Menu_HOME_0023.png","0023.png"
"Menu_HOME_0024.png","0024.png"
"Menu_HOME_0025-Alola.png","0025-a.png"
"Menu_HOME_0025-Hoenn.png","0025-h.png"
"Menu_HOME_0025-Kalos.png","0025-k.png"
"Menu_HOME_0025-Original.png","0025-o.png"
"Menu_HOME_0025-Partner.png","0025-p.png"
"Menu_HOME_0025-Sinnoh.png","0025-s.png"
"Menu_HOME_0025-Unova.png","0025-u.png"
"Menu_HOME_0025-World.png","0025-w.png"
"Menu_HOME_0025.png","0025.png"
"Menu_HOME_0026-Alola.png","0026-a.png"
"Menu_HOME_0026.png","0026.png"
"Menu_HOME_0027-Alola.png","0027-a.png"
"Menu_HOME_0027.png","0027.png"
"Menu_HOME_0028-Alola.png","0028-a.png"
"Menu_HOME_0028.png","0028.png"
"Menu_HOME_0029.png","0029.png"
"Menu_HOME_0030.png","0030.png"
"Menu_HOME_0031.png","0031.png"
"Menu_HOME_0032.png","0032.png"
"Menu_HOME_0033.png","0033.png"
"Menu_HOME_0034.png","0034.png"
"Menu_HOME_0035.png","0035.png"
"Menu_HOME_0036.png","0036.png"
"Menu_HOME_0037-Alola.png","0037-a.png"
"Menu_HOME_0037.png","0037.png"
"Menu_HOME_0038-Alola.png","0038-a.png"
"Menu_HOME_0038.png","0038.png"
"Menu_HOME_0039.png","0039.png"
"Menu_HOME_0040.png","0040.png"
"Menu_HOME_0041.png","0041.png"
"Menu_HOME_0042.png","0042.png"
"Menu_HOME_0043.png","0043.png"
"Menu_HOME_0044.png","0044.png"
"Menu_HOME_0045.png","0045.png"
"Menu_HOME_0046.png","0046.png"
"Menu_HOME_0047.png","0047.png"
"Menu_HOME_0048.png","0048.png"
"Menu_HOME_0049.png","0049.png"
"Menu_HOME_0050-Alola.png","0050-a.png"
"Menu_HOME_0050.png","0050.png"
"Menu_HOME_0051-Alola.png","0051-a.png"
"Menu_HOME_0051.png","0051.png"
"Menu_HOME_0052-Alola.png","0052-a.png"
"Menu_HOME_0052-Galar.png","0052-g.png"
"Menu_HOME_0052.png","0052.png"
"Menu_HOME_0053-Alola.png","0053-a.png"
"Menu_HOME_0053.png","0053.png"
"Menu_HOME_0054.png","0054.png"
"Menu_HOME_0055.png","0055.png"
"Menu_HOME_0056.png","0056.png"
"Menu_HOME_0057.png","0057.png"
"Menu_HOME_0058-Hisui.png","0058-h.png"
"Menu_HOME_0058.png","0058.png"
"Menu_HOME_0059-Hisui.png","0059-h.png"
"Menu_HOME_0059.png","0059.png"
"Menu_HOME_0060.png","0060.png"
"Menu_HOME_0061.png","0061.png"
"Menu_HOME_0062.png","0062.png"
"Menu_HOME_0063.png","0063.png"
"Menu_HOME_0064.png","0064.png"
"Menu_HOME_0065-Mega.png","0065-m.png"
"Menu_HOME_0065.png","0065.png"
"Menu_HOME_0066.png","0066.png"
"Menu_HOME_0067.png","0067.png"
"Menu_HOME_0068.png","0068.png"
"Menu_HOME_0069.png","0069.png"
"Menu_HOME_0070.png","0070.png"
"Menu_HOME_0071.png","0071.png"
"Menu_HOME_0072.png","0072.png"
"Menu_HOME_0073.png","0073.png"
"Menu_HOME_0074-Alola.png","0074-a.png"
"Menu_HOME_0074.png","0074.png"
"Menu_HOME_0075-Alola.png","0075-a.png"
"Menu_HOME_0075.png","0075.png"
"Menu_HOME_0076-Alola.png","0076-a.png"
"Menu_HOME_0076.png","0076.png"
"Menu_HOME_0077-Galar.png","0077-g.png"
"Menu_HOME_0077.png","0077.png"
"Menu_HOME_0078-Galar.png","0078-g.png"
"Menu_HOME_0078.png","0078.png"
"Menu_HOME_0079-Galar.png","0079-g.png"
"Menu_HOME_0079.png","0079.png"
"Menu_HOME_0080-Galar.png","0080-g.png"
"Menu_HOME_0080-Mega.png","0080-m.png"
"Menu_HOME_0080.png","0080.png"
"Menu_HOME_0081.png","0081.png"
"Menu_HOME_0082.png","0082.png"
"Menu_HOME_0083-Galar.png","0083-g.png"
"Menu_HOME_0083.png","0083.png"
"Menu_HOME_0084.png","0084.png"
"Menu_HOME_0085.png","0085.png"
"Menu_HOME_0086.png","0086.png"
"Menu_HOME_0087.png","0087.png"
"Menu_HOME_0088-Alola.png","0088-a.png"
"Menu_HOME_0088.png","0088.png"
"Menu_HOME_0089-Alola.png","0089-a.png"
"Menu_HOME_0089.png","0089.png"
"Menu_HOME_0090.png","0090.png"
"Menu_HOME_0091.png","0091.png"
"Menu_HOME_0092.png","0092.png"
"Menu_HOME_0093.png","0093.png"
"Menu_HOME_0094-Mega.png","0094-m.png"
"Menu_HOME_0094.png","0094.png"
"Menu_HOME_0095.png","0095.png"
"Menu_HOME_0096.png","0096.png"
"Menu_HOME_0097.png","0097.png"
"Menu_HOME_0098.png","0098.png"
"Menu_HOME_0099.png","0099.png"
"Menu_HOME_0100-Hisui.png","0100-h.png"
"Menu_HOME_0100.png","0100.png"
"Menu_HOME_0101-Hisui.png","0101-h.png"
"Menu_HOME_0101.png","0101.png"
"Menu_HOME_0102.png","0102.png"
"Menu_HOME_0103-Alola.png","0103-a.png"
"Menu_HOME_0103.png","0103.png"
"Menu_HOME_0104.png","0104.png"
"Menu_HOME_0105-Alola.png","0105-a.png"
"Menu_HOME_0105.png","0105.png"
"Menu_HOME_0106.png","0106.png"
"Menu_HOME_0107.png","0107.png"
"Menu_HOME_0108.png","0108.png"
"Menu_HOME_0109.png","0109.png"
"Menu_HOME_0110-Galar.png","0110-g.png"
"Menu_HOME_0110.png","0110.png"
"Menu_HOME_0111.png","0111.png"
"Menu_HOME_0112.png","0112.png"
"Menu_HOME_0113.png","0113.png"
"Menu_HOME_0114.png","0114.png"
"Menu_HOME_0115-Mega.png","0115-m.png"
"Menu_HOME_0115.png","0115.png"
"Menu_HOME_0116.png","0116.png"
"Menu_HOME_0117.png","0117.png"
"Menu_HOME_0118.png","0118.png"
"Menu_HOME_0119.png","0119.png"
"Menu_HOME_0120.png","0120.png"
"Menu_HOME_0121.png","0121.png"
"Menu_HOME_0122-Galar.png","0122-g.png"
"Menu_HOME_0122.png","0122.png"
"Menu_HOME_0123.png","0123.png"
"Menu_HOME_0124.png","0124.png"
"Menu_HOME_0125.png","0125.png"
"Menu_HOME_0126.png","0126.png"
"Menu_HOME_0127-Mega.png","0127-m.png"
"Menu_HOME_0127.png","0127.png"
"Menu_HOME_0128-Paldea_Aqua.png","0128-p.png"
"Menu_HOME_0128-Paldea_Blaze.png","0128-p.png"
"Menu_HOME_0128-Paldea_Combat.png","0128-p.png"
"Menu_HOME_0128.png","0128.png"
"Menu_HOME_0129.png","0129.png"
"Menu_HOME_0130-Mega.png","0130-m.png"
"Menu_HOME_0130.png","0130.png"
"Menu_HOME_0131.png","0131.png"
"Menu_HOME_0132.png","0132.png"
"Menu_HOME_0133.png","0133.png"
"Menu_HOME_0134.png","0134.png"
"Menu_HOME_0135.png","0135.png"
"Menu_HOME_0136.png","0136.png"
"Menu_HOME_0137.png","0137.png"
"Menu_HOME_0138.png","0138.png"
"Menu_HOME_0139.png","0139.png"
"Menu_HOME_0140.png","0140.png"
"Menu_HOME_0141.png","0141.png"
"Menu_HOME_0142-Mega.png","0142-m.png"
"Menu_HOME_0142.png","0142.png"
"Menu_HOME_0143.png","0143.png"
"Menu_HOME_0144-Galar.png","0144-g.png"
"Menu_HOME_0144.png","0144.png"
"Menu_HOME_0145-Galar.png","0145-g.png"
"Menu_HOME_0145.png","0145.png"
"Menu_HOME_0146-Galar.png","0146-g.png"
"Menu_HOME_0146.png","0146.png"
"Menu_HOME_0147.png","0147.png"
"Menu_HOME_0148.png","0148.png"
"Menu_HOME_0149.png","0149.png"
"Menu_HOME_0150-Mega_X.png","0150-m.png"
"Menu_HOME_0150-Mega_Y.png","0150-m.png"
"Menu_HOME_0150.png","0150.png"
"Menu_HOME_0151.png","0151.png"
"Menu_HOME_0152.png","0152.png"
"Menu_HOME_0153.png","0153.png"
"Menu_HOME_0154.png","0154.png"
"Menu_HOME_0155.png","0155.png"
"Menu_HOME_0156.png","0156.png"
"Menu_HOME_0157-Hisui.png","0157-h.png"
"Menu_HOME_0157.png","0157.png"
"Menu_HOME_0158.png","0158.png"
"Menu_HOME_0159.png","0159.png"
"Menu_HOME_0160.png","0160.png"
"Menu_HOME_0161.png","0161.png"
"Menu_HOME_0162.png","0162.png"
"Menu_HOME_0163.png","0163.png"
"Menu_HOME_0164.png","0164.png"
"Menu_HOME_0165.png","0165.png"
"Menu_HOME_0166.png","0166.png"
"Menu_HOME_0167.png","0167.png"
"Menu_HOME_0168.png","0168.png"
"Menu_HOME_0169.png","0169.png"
"Menu_HOME_0170.png","0170.png"
"Menu_HOME_0171.png","0171.png"
"Menu_HOME_0172.png","0172.png"
"Menu_HOME_0173.png","0173.png"
"Menu_HOME_0174.png","0174.png"
"Menu_HOME_0175.png","0175.png"
"Menu_HOME_0176.png","0176.png"
"Menu_HOME_0177.png","0177.png"
"Menu_HOME_0178.png","0178.png"
"Menu_HOME_0179.png","0179.png"
"Menu_HOME_0180.png","0180.png"
"Menu_HOME_0181-Mega.png","0181-m.png"
"Menu_HOME_0181.png","0181.png"
"Menu_HOME_0182.png","0182.png"
"Menu_HOME_0183.png","0183.png"
"Menu_HOME_0184.png","0184.png"
"Menu_HOME_0185.png","0185.png"
"Menu_HOME_0186.png","0186.png"
"Menu_HOME_0187.png","0187.png"
"Menu_HOME_0188.png","0188.png"
"Menu_HOME_0189.png","0189.png"
"Menu_HOME_0190.png","0190.png"
"Menu_HOME_0191.png","0191.png"
"Menu_HOME_0192.png","0192.png"
"Menu_HOME_0193.png","0193.png"
"Menu_HOME_0194-Paldea.png","0194-p.png"
"Menu_HOME_0194.png","0194.png"
"Menu_HOME_0195.png","0195.png"
"Menu_HOME_0196.png","0196.png"
"Menu_HOME_0197.png","0197.png"
"Menu_HOME_0198.png","0198.png"
"Menu_HOME_0199-Galar.png","0199-g.png"
"Menu_HOME_0199.png","0199.png"
"Menu_HOME_0200.png","0200.png"
"Menu_HOME_0201-B.png","0201-b.png"
"Menu_HOME_0201-C.png","0201-c.png"
"Menu_HOME_0201-D.png","0201-d.png"
"Menu_HOME_0201-E.png","0201-e.png"
"Menu_HOME_0201-Exclamation.png","0201-e.png"
"Menu_HOME_0201-F.png","0201-f.png"
"Menu_HOME_0201-G.png","0201-g.png"
"Menu_HOME_0201-H.png","0201-h.png"
"Menu_HOME_0201-I.png","0201-i.png"
"Menu_HOME_0201-J.png","0201-j.png"
"Menu_HOME_0201-K.png","0201-k.png"
"Menu_HOME_0201-L.png","0201-l.png"
"Menu_HOME_0201-M.png","0201-m.png"
"Menu_HOME_0201-N.png","0201-n.png"
"Menu_HOME_0201-O.png","0201-o.png"
"Menu_HOME_0201-P.png","0201-p.png"
"Menu_HOME_0201-Q.png","0201-q.png"
"Menu_HOME_0201-Question.png","0201-q.png"
"Menu_HOME_0201-R.png","0201-r.png"
"Menu_HOME_0201-S.png","0201-s.png"
"Menu_HOME_0201-T.png","0201-t.png"
"Menu_HOME_0201-U.png","0201-u.png"
"Menu_HOME_0201-V.png","0201-v.png"
"Menu_HOME_0201-W.png","0201-w.png"
"Menu_HOME_0201-X.png","0201-x.png"
"Menu_HOME_0201-Y.png","0201-y.png"
"Menu_HOME_0201-Z.png","0201-z.png"
"Menu_HOME_0201.png","0201.png"
"Menu_HOME_0202.png","0202.png"
"Menu_HOME_0203.png","0203.png"
"Menu_HOME_0204.png","0204.png"
"Menu_HOME_0205.png","0205.png"
"Menu_HOME_0206.png","0206.png"
"Menu_HOME_0207.png","0207.png"
"Menu_HOME_0208-Mega.png","0208-m.png"
"Menu_HOME_0208.png","0208.png"
"Menu_HOME_0209.png","0209.png"
"Menu_HOME_0210.png","0210.png"
"Menu_HOME_0211-Hisui.png","0211-h.png"
"Menu_HOME_0211.png","0211.png"
"Menu_HOME_0212-Mega.png","0212-m.png"
"Menu_HOME_0212.png","0212.png"
"Menu_HOME_0213.png","0213.png"
"Menu_HOME_0214-Mega.png","0214-m.png"
"Menu_HOME_0214.png","0214.png"
"Menu_HOME_0215-Hisui.png","0215-h.png"
"Menu_HOME_0215.png","0215.png"
"Menu_HOME_0216.png","0216.png"
"Menu_HOME_0217.png","0217.png"
"Menu_HOME_0218.png","0218.png"
"Menu_HOME_0219.png","0219.png"
"Menu_HOME_0220.png","0220.png"
"Menu_HOME_0221.png","0221.png"
"Menu_HOME_0222-Galar.png","0222-g.png"
"Menu_HOME_0222.png","0222.png"
"Menu_HOME_0223.png","0223.png"
"Menu_HOME_0224.png","0224.png"
"Menu_HOME_0225.png","0225.png"
"Menu_HOME_0226.png","0226.png"
"Menu_HOME_0227.png","0227.png"
"Menu_HOME_0228.png","0228.png"
"Menu_HOME_0229-Mega.png","0229-m.png"
"Menu_HOME_0229.png","0229.png"
"Menu_HOME_0230.png","0230.png"
"Menu_HOME_0231.png","0231.png"
"Menu_HOME_0232.png","0232.png"
"Menu_HOME_0233.png","0233.png"
"Menu_HOME_0234.png","0234.png"
"Menu_HOME_0235.png","0235.png"
"Menu_HOME_0236.png","0236.png"
"Menu_HOME_0237.png","0237.png"
"Menu_HOME_0238.png","0238.png"
"Menu_HOME_0239.png","0239.png"
"Menu_HOME_0240.png","0240.png"
"Menu_HOME_0241.png","0241.png"
"Menu_HOME_0242.png","0242.png"
"Menu_HOME_0243.png","0243.png"
"Menu_HOME_0244.png","0244.png"
"Menu_HOME_0245.png","0245.png"
"Menu_HOME_0246.png","0246.png"
"Menu_HOME_0247.png","0247.png"
"Menu_HOME_0248-Mega.png","0248-m.png"
"Menu_HOME_0248.png","0248.png"
"Menu_HOME_0249.png","0249.png"
"Menu_HOME_0250.png","0250.png"
"Menu_HOME_0251.png","0251.png"
"Menu_HOME_0252.png","0252.png"
"Menu_HOME_0253.png","0253.png"
"Menu_HOME_0254-Mega.png","0254-m.png"
"Menu_HOME_0254.png","0254.png"
"Menu_HOME_0255.png","0255.png"
"Menu_HOME_0256.png","0256.png"
"Menu_HOME_0257-Mega.png","0257-m.png"
"Menu_HOME_0257.png","0257.png"
"Menu_HOME_0258.png","0258.png"
"Menu_HOME_0259.png","0259.png"
"Menu_HOME_0260-Mega.png","0260-m.png"
"Menu_HOME_0260.png","0260.png"
"Menu_HOME_0261.png","0261.png"
"Menu_HOME_0262.png","0262.png"
"Menu_HOME_0263-Galar.png","0263-g.png"
"Menu_HOME_0263.png","0263.png"
"Menu_HOME_0264-Galar.png","0264-g.png"
"Menu_HOME_0264.png","0264.png"
"Menu_HOME_0265.png","0265.png"
"Menu_HOME_0266.png","0266.png"
"Menu_HOME_0267.png","0267.png"
"Menu_HOME_0268.png","0268.png"
"Menu_HOME_0269.png","0269.png"
"Menu_HOME_0270.png","0270.png"
"Menu_HOME_0271.png","0271.png"
"Menu_HOME_0272.png","0272.png"
"Menu_HOME_0273.png","0273.png"
"Menu_HOME_0274.png","0274.png"
"Menu_HOME_0275.png","0275.png"
"Menu_HOME_0276.png","0276.png"
"Menu_HOME_0277.png","0277.png"
"Menu_HOME_0278.png","0278.png"
"Menu_HOME_0279.png","0279.png"
"Menu_HOME_0280.png","0280.png"
"Menu_HOME_0281.png","0281.png"
"Menu_HOME_0282-Mega.png","0282-m.png"
"Menu_HOME_0282.png","0282.png"
"Menu_HOME_0283.png","0283.png"
"Menu_HOME_0284.png","0284.png"
"Menu_HOME_0285.png","0285.png"
"Menu_HOME_0286.png","0286.png"
"Menu_HOME_0287.png","0287.png"
"Menu_HOME_0288.png","0288.png"
"Menu_HOME_0289.png","0289.png"
"Menu_HOME_0290.png","0290.png"
"Menu_HOME_0291.png","0291.png"
"Menu_HOME_0292.png","0292.png"
"Menu_HOME_0293.png","0293.png"
"Menu_HOME_0294.png","0294.png"
"Menu_HOME_0295.png","0295.png"
"Menu_HOME_0296.png","0296.png"
"Menu_HOME_0297.png","0297.png"
"Menu_HOME_0298.png","0298.png"
"Menu_HOME_0299.png","0299.png"
"Menu_HOME_0300.png","0300.png"
"Menu_HOME_0301.png","0301.png"
"Menu_HOME_0302-Mega.png","0302-m.png"
"Menu_HOME_0302.png","0302.png"
"Menu_HOME_0303-Mega.png","0303-m.png"
"Menu_HOME_0303.png","0303.png"
"Menu_HOME_0304.png","0304.png"
"Menu_HOME_0305.png","0305.png"
"Menu_HOME_0306-Mega.png","0306-m.png"
"Menu_HOME_0306.png","0306.png"
"Menu_HOME_0307.png","0307.png"
"Menu_HOME_0308-Mega.png","0308-m.png"
"Menu_HOME_0308.png","0308.png"
"Menu_HOME_0309.png","0309.png"
"Menu_HOME_0310-Mega.png","0310-m.png"
"Menu_HOME_0310.png","0310.png"
"Menu_HOME_0311.png","0311.png"
"Menu_HOME_0312.png","0312.png"
"Menu_HOME_0313.png","0313.png"
"Menu_HOME_0314.png","0314.png"
"Menu_HOME_0315.png","0315.png"
"Menu_HOME_0316.png","0316.png"
"Menu_HOME_0317.png","0317.png"
"Menu_HOME_0318.png","0318.png"
"Menu_HOME_0319-Mega.png","0319-m.png"
"Menu_HOME_0319.png","0319.png"
"Menu_HOME_0320.png","0320.png"
"Menu_HOME_0321.png","0321.png"
"Menu_HOME_0322.png","0322.png"
"Menu_HOME_0323-Mega.png","0323-m.png"
"Menu_HOME_0323.png","0323.png"
"Menu_HOME_0324.png","0324.png"
"Menu_HOME_0325.png","0325.png"
"Menu_HOME_0326.png","0326.png"
"Menu_HOME_0327.png","0327.png"
"Menu_HOME_0328.png","0328.png"
"Menu_HOME_0329.png","0329.png"
"Menu_HOME_0330.png","0330.png"
"Menu_HOME_0331.png","0331.png"
"Menu_HOME_0332.png","0332.png"
"Menu_HOME_0333.png","0333.png"
"Menu_HOME_0334-Mega.png","0334-m.png"
"Menu_HOME_0334.png","0334.png"
"Menu_HOME_0335.png","0335.png"
"Menu_HOME_0336.png","0336.png"
"Menu_HOME_0337.png","0337.png"
"Menu_HOME_0338.png","0338.png"
"Menu_HOME_0339.png","0339.png"
"Menu_HOME_0340.png","0340.png"
"Menu_HOME_0341.png","0341.png"
"Menu_HOME_0342.png","0342.png"
"Menu_HOME_0343.png","0343.png"
"Menu_HOME_0344.png","0344.png"
"Menu_HOME_0345.png","0345.png"
"Menu_HOME_0346.png","0346.png"
"Menu_HOME_0347.png","0347.png"
"Menu_HOME_0348.png","0348.png"
"Menu_HOME_0349.png","0349.png"
"Menu_HOME_0350.png","0350.png"
"Menu_HOME_0351-Rainy.png","0351-r.png"
"Menu_HOME_0351-Snowy.png","0351-s.png"
"Menu_HOME_0351-Sunny.png","0351-s.png"
"Menu_HOME_0351.png","0351.png"
"Menu_HOME_0352.png","0352.png"
"Menu_HOME_0353.png","0353.png"
"Menu_HOME_0354-Mega.png","0354-m.png"
"Menu_HOME_0354.png","0354.png"
"Menu_HOME_0355.png","0355.png"
"Menu_HOME_0356.png","0356.png"
"Menu_HOME_0357.png","0357.png"
"Menu_HOME_0358.png","0358.png"
"Menu_HOME_0359-Mega.png","0359-m.png"
"Menu_HOME_0359.png","0359.png"
"Menu_HOME_0360.png","0360.png"
"Menu_HOME_0361.png","0361.png"
"Menu_HOME_0362-Mega.png","0362-m.png"
"Menu_HOME_0362.png","0362.png"
"Menu_HOME_0363.png","0363.png"
"Menu_HOME_0364.png","0364.png"
"Menu_HOME_0365.png","0365.png"
"Menu_HOME_0366.png","0366.png"
"Menu_HOME_0367.png","0367.png"
"Menu_HOME_0368.png","0368.png"
"Menu_HOME_0369.png","0369.png"
"Menu_HOME_0370.png","0370.png"
"Menu_HOME_0371.png","0371.png"
"Menu_HOME_0372.png","0372.png"
"Menu_HOME_0373-Mega.png","0373-m.png"
"Menu_HOME_0373.png","0373.png"
"Menu_HOME_0374.png","0374.png"
"Menu_HOME_0375.png","0375.png"
"Menu_HOME_0376-Mega.png","0376-m.png"
"Menu_HOME_0376.png","0376.png"
"Menu_HOME_0377.png","0377.png"
"Menu_HOME_0378.png","0378.png"
"Menu_HOME_0379.png","0379.png"
"Menu_HOME_0380-Mega.png","0380-m.png"
"Menu_HOME_0380.png","0380.png"
"Menu_HOME_0381-Mega.png","0381-m.png"
"Menu_HOME_0381.png","0381.png"
"Menu_HOME_0382-Primal.png","0382-p.png"
"Menu_HOME_0382.png","0382.png"
"Menu_HOME_0383-Primal.png","0383-p.png"
"Menu_HOME_0383.png","0383.png"
"Menu_HOME_0384-Mega.png","0384-m.png"
"Menu_HOME_0384.png","0384.png"
"Menu_HOME_0385.png","0385.png"
"Menu_HOME_0386-Attack.png","0386-a.png"
"Menu_HOME_0386-Defense.png","0386-d.png"
"Menu_HOME_0386-Speed.png","0386-s.png"
"Menu_HOME_0386.png","0386.png"
"Menu_HOME_0387.png","0387.png"
"Menu_HOME_0388.png","0388.png"
"Menu_HOME_0389.png","0389.png"
"Menu_HOME_0390.png","0390.png"
"Menu_HOME_0391.png","0391.png"
"Menu_HOME_0392.png","0392.png"
"Menu_HOME_0393.png","0393.png"
"Menu_HOME_0394.png","0394.png"
"Menu_HOME_0395.png","0395.png"
"Menu_HOME_0396.png","0396.png"
"Menu_HOME_0397.png","0397.png"
"Menu_HOME_0398.png","0398.png"
"Menu_HOME_0399.png","0399.png"
"Menu_HOME_0400.png","0400.png"
"Menu_HOME_0401.png","0401.png"
"Menu_HOME_0402.png","0402.png"
"Menu_HOME_0403.png","0403.png"
"Menu_HOME_0404.png","0404.png"
"Menu_HOME_0405.png","0405.png"
"Menu_HOME_0406.png","0406.png"
"Menu_HOME_0407.png","0407.png"
"Menu_HOME_0408.png","0408.png"
"Menu_HOME_0409.png","0409.png"
"Menu_HOME_0410.png","0410.png"
"Menu_HOME_0411.png","0411.png"
"Menu_HOME_0412-Sandy.png","0412-s.png"
"Menu_HOME_0412-Trash.png","0412-t.png"
"Menu_HOME_0412.png","0412.png"
"Menu_HOME_0413-Sandy.png","0413-s.png"
"Menu_HOME_0413-Trash.png","0413-t.png"
"Menu_HOME_0413.png","0413.png"
"Menu_HOME_0414.png","0414.png"
"Menu_HOME_0415.png","0415.png"
"Menu_HOME_0416.png","0416.png"
"Menu_HOME_0417.png","0417.png"
"Menu_HOME_0418.png","0418.png"
"Menu_HOME_0419.png","0419.png"
"Menu_HOME_0420.png","0420.png"
"Menu_HOME_0421-Sunshine.png","0421-s.png"
"Menu_HOME_0421.png","0421.png"
"Menu_HOME_0422-East.png","0422-e.png"
"Menu_HOME_0422.png","0422.png"
"Menu_HOME_0423-East.png","0423-e.png"
"Menu_HOME_0423.png","0423.png"
"Menu_HOME_0424.png","0424.png"
"Menu_HOME_0425.png","0425.png"
"Menu_HOME_0426.png","0426.png"
"Menu_HOME_0427.png","0427.png"
"Menu_HOME_0428-Mega.png","0428-m.png"
"Menu_HOME_0428.png","0428.png"
"Menu_HOME_0429.png","0429.png"
"Menu_HOME_0430.png","0430.png"
"Menu_HOME_0431.png","0431.png"
"Menu_HOME_0432.png","0432.png"
"Menu_HOME_0433.png","0433.png"
"Menu_HOME_0434.png","0434.png"
"Menu_HOME_0435.png","0435.png"
"Menu_HOME_0436.png","0436.png"
"Menu_HOME_0437.png","0437.png"
"Menu_HOME_0438.png","0438.png"
"Menu_HOME_0439.png","0439.png"
"Menu_HOME_0440.png","0440.png"
"Menu_HOME_0441.png","0441.png"
"Menu_HOME_0442.png","0442.png"
"Menu_HOME_0443.png","0443.png"
"Menu_HOME_0444.png","0444.png"
"Menu_HOME_0445-Mega.png","0445-m.png"
"Menu_HOME_0445.png","0445.png"
"Menu_HOME_0446.png","0446.png"
"Menu_HOME_0447.png","0447.png"
"Menu_HOME_0448-Mega.png","0448-m.png"
"Menu_HOME_0448.png","0448.png"
"Menu_HOME_0449.png","0449.png"
"Menu_HOME_0450.png","0450.png"
"Menu_HOME_0451.png","0451.png"
"Menu_HOME_0452.png","0452.png"
"Menu_HOME_0453.png","0453.png"
"Menu_HOME_0454.png","0454.png"
"Menu_HOME_0455.png","0455.png"
"Menu_HOME_0456.png","0456.png"
"Menu_HOME_0457.png","0457.png"
"Menu_HOME_0458.png","0458.png"
"Menu_HOME_0459.png","0459.png"
"Menu_HOME_0460-Mega.png","0460-m.png"
"Menu_HOME_0460.png","0460.png"
"Menu_HOME_0461.png","0461.png"
"Menu_HOME_0462.png","0462.png"
"Menu_HOME_0463.png","0463.png"
"Menu_HOME_0464.png","0464.png"
"Menu_HOME_0465.png","0465.png"
"Menu_HOME_0466.png","0466.png"
"Menu_HOME_0467.png","0467.png"
"Menu_HOME_0468.png","0468.png"
"Menu_HOME_0469.png","0469.png"
"Menu_HOME_0470.png","0470.png"
"Menu_HOME_0471.png","0471.png"
"Menu_HOME_0472.png","0472.png"
"Menu_HOME_0473.png","0473.png"
"Menu_HOME_0474.png","0474.png"
"Menu_HOME_0475-Mega.png","0475-m.png"
"Menu_HOME_0475.png","0475.png"
"Menu_HOME_0476.png","0476.png"
"Menu_HOME_0477.png","0477.png"
"Menu_HOME_0478.png","0478.png"
"Menu_HOME_0479-Fan.png","0479-f.png"
"Menu_HOME_0479-Frost.png","0479-f.png"
"Menu_HOME_0479-Heat.png","0479-h.png"
"Menu_HOME_0479-Mow.png","0479-m.png"
"Menu_HOME_0479-Wash.png","0479-w.png"
"Menu_HOME_0479.png","0479.png"
"Menu_HOME_0480.png","0480.png"
"Menu_HOME_0481.png","0481.png"
"Menu_HOME_0482.png","0482.png"
"Menu_HOME_0483-Origin.png","0483-o.png"
"Menu_HOME_0483.png","0483.png"
"Menu_HOME_0484-Origin.png","0484-o.png"
"Menu_HOME_0484.png","0484.png"
"Menu_HOME_0485.png","0485.png"
"Menu_HOME_0486.png","0486.png"
"Menu_HOME_0487-Origin.png","0487-o.png"
"Menu_HOME_0487.png","0487.png"
"Menu_HOME_0488.png","0488.png"
"Menu_HOME_0489.png","0489.png"
"Menu_HOME_0490.png","0490.png"
"Menu_HOME_0491.png","0491.png"
"Menu_HOME_0492-Sky.png","0492-s.png"
"Menu_HOME_0492.png","0492.png"
"Menu_HOME_0493-Bug.png","0493-b.png"
"Menu_HOME_0493-Dark.png","0493-d.png"
"Menu_HOME_0493-Dragon.png","0493-d.png"
"Menu_HOME_0493-Electric.png","0493-e.png"
"Menu_HOME_0493-Fairy.png","0493-f.png"
"Menu_HOME_0493-Fighting.png","0493-f.png"
"Menu_HOME_0493-Fire.png","0493-f.png"
"Menu_HOME_0493-Flying.png","0493-f.png"
"Menu_HOME_0493-Ghost.png","0493-g.png"
"Menu_HOME_0493-Grass.png","0493-g.png"
"Menu_HOME_0493-Ground.png","0493-g.png"
"Menu_HOME_0493-Ice.png","0493-i.png"
"Menu_HOME_0493-Poison.png","0493-p.png"
"Menu_HOME_0493-Psychic.png","0493-p.png"
"Menu_HOME_0493-Rock.png","0493-r.png"
"Menu_HOME_0493-Steel.png","0493-s.png"
"Menu_HOME_0493-Water.png","0493-w.png"
"Menu_HOME_0493.png","0493.png"
"Menu_HOME_0494.png","0494.png"
"Menu_HOME_0495.png","0495.png"
"Menu_HOME_0496.png","0496.png"
"Menu_HOME_0497.png","0497.png"
"Menu_HOME_0498.png","0498.png"
"Menu_HOME_0499.png","0499.png"
"Menu_HOME_0500.png","0500.png"
"Menu_HOME_0501.png","0501.png"
"Menu_HOME_0502.png","0502.png"
"Menu_HOME_0503-Hisui.png","0503-h.png"
"Menu_HOME_0503.png","0503.png"
"Menu_HOME_0504.png","0504.png"
"Menu_HOME_0505.png","0505.png"
"Menu_HOME_0506.png","0506.png"
"Menu_HOME_0507.png","0507.png"
"Menu_HOME_0508.png","0508.png"
"Menu_HOME_0509.png","0509.png"
"Menu_HOME_0510.png","0510.png"
"Menu_HOME_0511.png","0511.png"
"Menu_HOME_0512.png","0512.png"
"Menu_HOME_0513.png","0513.png"
"Menu_HOME_0514.png","0514.png"
"Menu_HOME_0515.png","0515.png"
"Menu_HOME_0516.png","0516.png"
"Menu_HOME_0517.png","0517.png"
"Menu_HOME_0518.png","0518.png"
"Menu_HOME_0519.png","0519.png"
"Menu_HOME_0520.png","0520.png"
"Menu_HOME_0521-Female.png","0521-f.png"
"Menu_HOME_0521.png","0521.png"
"Menu_HOME_0522.png","0522.png"
"Menu_HOME_0523.png","0523.png"
"Menu_HOME_0524.png","0524.png"
"Menu_HOME_0525.png","0525.png"
"Menu_HOME_0526.png","0526.png"
"Menu_HOME_0527.png","0527.png"
"Menu_HOME_0528.png","0528.png"
"Menu_HOME_0529.png","0529.png"
"Menu_HOME_0530.png","0530.png"
"Menu_HOME_0531-Mega.png","0531-m.png"
"Menu_HOME_0531.png","0531.png"
"Menu_HOME_0532.png","0532.png"
"Menu_HOME_0533.png","0533.png"
"Menu_HOME_0534.png","0534.png"
"Menu_HOME_0535.png","0535.png"
"Menu_HOME_0536.png","0536.png"
"Menu_HOME_0537.png","0537.png"
"Menu_HOME_0538.png","0538.png"
"Menu_HOME_0539.png","0539.png"
"Menu_HOME_0540.png","0540.png"
"Menu_HOME_0541.png","0541.png"
"Menu_HOME_0542.png","0542.png"
"Menu_HOME_0543.png","0543.png"
"Menu_HOME_0544.png","0544.png"
"Menu_HOME_0545.png","0545.png"
"Menu_HOME_0546.png","0546.png"
"Menu_HOME_0547.png","0547.png"
"Menu_HOME_0548.png","0548.png"
"Menu_HOME_0549-Hisui.png","0549-h.png"
"Menu_HOME_0549.png","0549.png"
"Menu_HOME_0550-Blue.png","0550-b.png"
"Menu_HOME_0550-White.png","0550-w.png"
"Menu_HOME_0550.png","0550.png"
"Menu_HOME_0551.png","0551.png"
"Menu_HOME_0552.png","0552.png"
"Menu_HOME_0553.png","0553.png"
"Menu_HOME_0554-Galar.png","0554-g.png"
"Menu_HOME_0554.png","0554.png"
"Menu_HOME_0555-Galar.png","0555-g.png"
"Menu_HOME_0555-Zen.png","0555-z.png"
"Menu_HOME_0555-Zen_Galar.png","0555-z.png"
"Menu_HOME_0555.png","0555.png"
"Menu_HOME_0556.png","0556.png"
"Menu_HOME_0557.png","0557.png"
"Menu_HOME_0558.png","0558.png"
"Menu_HOME_0559.png","0559.png"
"Menu_HOME_0560.png","0560.png"
"Menu_HOME_0561.png","0561.png"
"Menu_HOME_0562-Galar.png","0562-g.png"
"Menu_HOME_0562.png","0562.png"
"Menu_HOME_0563.png","0563.png"
"Menu_HOME_0564.png","0564.png"
"Menu_HOME_0565.png","0565.png"
"Menu_HOME_0566.png","0566.png"
"Menu_HOME_0567.png","0567.png"
"Menu_HOME_0568.png","0568.png"
"Menu_HOME_0569.png","0569.png"
"Menu_HOME_0570-Hisui.png","0570-h.png"
"Menu_HOME_0570.png","0570.png"
"Menu_HOME_0571-Hisui.png","0571-h.png"
"Menu_HOME_0571.png","0571.png"
"Menu_HOME_0572.png","0572.png"
"Menu_HOME_0573.png","0573.png"
"Menu_HOME_0574.png","0574.png"
"Menu_HOME_0575.png","0575.png"
"Menu_HOME_0576.png","0576.png"
"Menu_HOME_0577.png","0577.png"
"Menu_HOME_0578.png","0578.png"
"Menu_HOME_0579.png","0579.png"
"Menu_HOME_0580.png","0580.png"
"Menu_HOME_0581.png","0581.png"
"Menu_HOME_0582.png","0582.png"
"Menu_HOME_0583.png","0583.png"
"Menu_HOME_0584.png","0584.png"
"Menu_HOME_0585-Autumn.png","0585-a.png"
"Menu_HOME_0585-Summer.png","0585-s.png"
"Menu_HOME_0585-Winter.png","0585-w.png"
"Menu_HOME_0585.png","0585.png"
"Menu_HOME_0586-Autumn.png","0586-a.png"
"Menu_HOME_0586-Summer.png","0586-s.png"
"Menu_HOME_0586-Winter.png","0586-w.png"
"Menu_HOME_0586.png","0586.png"
"Menu_HOME_0587.png","0587.png"
"Menu_HOME_0588.png","0588.png"
"Menu_HOME_0589.png","0589.png"
"Menu_HOME_0590.png","0590.png"
"Menu_HOME_0591.png","0591.png"
"Menu_HOME_0592-Female.png","0592-f.png"
"Menu_HOME_0592.png","0592.png"
"Menu_HOME_0593-Female.png","0593-f.png"
"Menu_HOME_0593.png","0593.png"
"Menu_HOME_0594.png","0594.png"
"Menu_HOME_0595.png","0595.png"
"Menu_HOME_0596.png","0596.png"
"Menu_HOME_0597.png","0597.png"
"Menu_HOME_0598.png","0598.png"
"Menu_HOME_0599.png","0599.png"
"Menu_HOME_0600.png","0600.png"
"Menu_HOME_0601.png","0601.png"
"Menu_HOME_0602.png","0602.png"
"Menu_HOME_0603.png","0603.png"
"Menu_HOME_0604.png","0604.png"
"Menu_HOME_0605.png","0605.png"
"Menu_HOME_0606.png","0606.png"
"Menu_HOME_0607.png","0607.png"
"Menu_HOME_0608.png","0608.png"
"Menu_HOME_0609.png","0609.png"
"Menu_HOME_0610.png","0610.png"
"Menu_HOME_0611.png","0611.png"
"Menu_HOME_0612.png","0612.png"
"Menu_HOME_0613.png","0613.png"
"Menu_HOME_0614.png","0614.png"
"Menu_HOME_0615.png","0615.png"
"Menu_HOME_0616.png","0616.png"
"Menu_HOME_0617.png","0617.png"
"Menu_HOME_0618-Galar.png","0618-g.png"
"Menu_HOME_0618.png","0618.png"
"Menu_HOME_0619.png","0619.png"
"Menu_HOME_0620.png","0620.png"
"Menu_HOME_0621.png","0621.png"
"Menu_HOME_0622.png","0622.png"
"Menu_HOME_0623.png","0623.png"
"Menu_HOME_0624.png","0624.png"
"Menu_HOME_0625.png","0625.png"
"Menu_HOME_0626.png","0626.png"
"Menu_HOME_0627.png","0627.png"
"Menu_HOME_0628-Hisui.png","0628-h.png"
"Menu_HOME_0628.png","0628.png"
"Menu_HOME_0629.png","0629.png"
"Menu_HOME_0630.png","0630.png"
"Menu_HOME_0631.png","0631.png"
"Menu_HOME_0632.png","0632.png"
"Menu_HOME_0633.png","0633.png"
"Menu_HOME_0634.png","0634.png"
"Menu_HOME_0635.png","0635.png"
"Menu_HOME_0636.png","0636.png"
"Menu_HOME_0637.png","0637.png"
"Menu_HOME_0638.png","0638.png"
"Menu_HOME_0639.png","0639.png"
"Menu_HOME_0640.png","0640.png"
"Menu_HOME_0641-Therian.png","0641-t.png"
"Menu_HOME_0641.png","0641.png"
"Menu_HOME_0642-Therian.png","0642-t.png"
"Menu_HOME_0642.png","0642.png"
"Menu_HOME_0643.png","0643.png"
"Menu_HOME_0644.png","0644.png"
"Menu_HOME_0645-Therian.png","0645-t.png"
"Menu_HOME_0645.png","0645.png"
"Menu_HOME_0646-Black.png","0646-b.png"
"Menu_HOME_0646-White.png","0646-w.png"
"Menu_HOME_0646.png","0646.png"
"Menu_HOME_0647-Resolute.png","0647-r.png"
"Menu_HOME_0647.png","0647.png"
"Menu_HOME_0648-Pirouette.png","0648-p.png"
"Menu_HOME_0648.png","0648.png"
"Menu_HOME_0649-Burn.png","0649-b.png"
"Menu_HOME_0649-Chill.png","0649-c.png"
"Menu_HOME_0649-Douse.png","0649-d.png"
"Menu_HOME_0649-Shock.png","0649-s.png"
"Menu_HOME_0649.png","0649.png"
"Menu_HOME_0650.png","0650.png"
"Menu_HOME_0651.png","0651.png"
"Menu_HOME_0652.png","0652.png"
"Menu_HOME_0653.png","0653.png"
"Menu_HOME_0654.png","0654.png"
"Menu_HOME_0655.png","0655.png"
"Menu_HOME_0656.png","0656.png"
"Menu_HOME_0657.png","0657.png"
"Menu_HOME_0658-Ash.png","0658-a.png"
"Menu_HOME_0658.png","0658.png"
"Menu_HOME_0659.png","0659.png"
"Menu_HOME_0660.png","0660.png"
"Menu_HOME_0661.png","0661.png"
"Menu_HOME_0662.png","0662.png"
"Menu_HOME_0663.png","0663.png"
"Menu_HOME_0664.png","0664.png"
"Menu_HOME_0665.png","0665.png"
"Menu_HOME_0666-Archipelago.png","0666-a.png"
"Menu_HOME_0666-Continental.png","0666-c.png"
"Menu_HOME_0666-Elegant.png","0666-e.png"
"Menu_HOME_0666-Fancy.png","0666-f.png"
"Menu_HOME_0666-Garden.png","0666-g.png"
"Menu_HOME_0666-High_Plains.png","0666-h.png"
"Menu_HOME_0666-Icy_Snow.png","0666-i.png"
"Menu_HOME_0666-Jungle.png","0666-j.png"
"Menu_HOME_0666-Marine.png","0666-m.png"
"Menu_HOME_0666-Modern.png","0666-m.png"
"Menu_HOME_0666-Monsoon.png","0666-m.png"
"Menu_HOME_0666-Ocean.png","0666-o.png"
"Menu_HOME_0666-Poké_Ball.png","0666-p.png"
"Menu_HOME_0666-Polar.png","0666-p.png"
"Menu_HOME_0666-River.png","0666-r.png"
"Menu_HOME_0666-Sandstorm.png","0666-s.png"
"Menu_HOME_0666-Savanna.png","0666-s.png"
"Menu_HOME_0666-Sun.png","0666-s.png"
"Menu_HOME_0666-Tundra.png","0666-t.png"
"Menu_HOME_0666.png","0666.png"
"Menu_HOME_0667.png","0667.png"
"Menu_HOME_0668-Female.png","0668-f.png"
"Menu_HOME_0668.png","0668.png"
"Menu_HOME_0669-Blue.png","0669-b.png"
"Menu_HOME_0669-Orange.png","0669-o.png"
"Menu_HOME_0669-White.png","0669-w.png"
"Menu_HOME_0669-Yellow.png","0669-y.png"
"Menu_HOME_0669.png","0669.png"
"Menu_HOME_0670-Blue.png","0670-b.png"
"Menu_HOME_0670-Eternal.png","0670-e.png"
"Menu_HOME_0670-Orange.png","0670-o.png"
"Menu_HOME_0670-White.png","0670-w.png"
"Menu_HOME_0670-Yellow.png","0670-y.png"
"Menu_HOME_0670.png","0670.png"
"Menu_HOME_0671-Blue.png","0671-b.png"
"Menu_HOME_0671-Orange.png","0671-o.png"
"Menu_HOME_0671-White.png","0671-w.png"
"Menu_HOME_0671-Yellow.png","0671-y.png"
"Menu_HOME_0671.png","0671.png"
"Menu_HOME_0672.png","0672.png"
"Menu_HOME_0673.png","0673.png"
"Menu_HOME_0674.png","0674.png"
"Menu_HOME_0675.png","0675.png"
"Menu_HOME_0676-Dandy.png","0676-d.png"
"Menu_HOME_0676-Debutante.png","0676-d.png"
"Menu_HOME_0676-Diamond.png","0676-d.png"
"Menu_HOME_0676-Heart.png","0676-h.png"
"Menu_HOME_0676-Kabuki.png","0676-k.png"
"Menu_HOME_0676-La_Reine.png","0676-l.png"
"Menu_HOME_0676-Matron.png","0676-m.png"
"Menu_HOME_0676-Pharaoh.png","0676-p.png"
"Menu_HOME_0676-Star.png","0676-s.png"
"Menu_HOME_0676.png","0676.png"
"Menu_HOME_0677.png","0677.png"
"Menu_HOME_0678-Female.png","0678-f.png"
"Menu_HOME_0678.png","0678.png"
"Menu_HOME_0679.png","0679.png"
"Menu_HOME_0680.png","0680.png"
"Menu_HOME_0681-Blade.png","0681-b.png"
"Menu_HOME_0681.png","0681.png"
"Menu_HOME_0682.png","0682.png"
"Menu_HOME_0683.png","0683.png"
"Menu_HOME_0684.png","0684.png"
"Menu_HOME_0685.png","0685.png"
"Menu_HOME_0686.png","0686.png"
"Menu_HOME_0687.png","0687.png"
"Menu_HOME_0688.png","0688.png"
"Menu_HOME_0689.png","0689.png"
"Menu_HOME_0690.png","0690.png"
"Menu_HOME_0691.png","0691.png"
"Menu_HOME_0692.png","0692.png"
"Menu_HOME_0693.png","0693.png"
"Menu_HOME_0694.png","0694.png"
"Menu_HOME_0695.png","0695.png"
"Menu_HOME_0696.png","0696.png"
"Menu_HOME_0697.png","0697.png"
"Menu_HOME_0698.png","0698.png"
"Menu_HOME_0699.png","0699.png"
"Menu_HOME_0700.png","0700.png"
"Menu_HOME_0701.png","0701.png"
"Menu_HOME_0702.png","0702.png"
"Menu_HOME_0703.png","0703.png"
"Menu_HOME_0704.png","0704.png"
"Menu_HOME_0705-Hisui.png","0705-h.png"
"Menu_HOME_0705.png","0705.png"
"Menu_HOME_0706-Hisui.png","0706-h.png"
"Menu_HOME_0706.png","0706.png"
"Menu_HOME_0707.png","0707.png"
"Menu_HOME_0708.png","0708.png"
"Menu_HOME_0709.png","0709.png"
"Menu_HOME_0710-Large.png","0710-l.png"
"Menu_HOME_0710-Small.png","0710-s.png"
"Menu_HOME_0710-Super.png","0710-s.png"
"Menu_HOME_0710.png","0710.png"
"Menu_HOME_0711-Large.png","0711-l.png"
"Menu_HOME_0711-Small.png","0711-s.png"
"Menu_HOME_0711-Super.png","0711-s.png"
"Menu_HOME_0711.png","0711.png"
"Menu_HOME_0712.png","0712.png"
"Menu_HOME_0713-Hisui.png","0713-h.png"
"Menu_HOME_0713.png","0713.png"
"Menu_HOME_0714.png","0714.png"
"Menu_HOME_0715.png","0715.png"
"Menu_HOME_0716-Neutral.png","0716-n.png"
"Menu_HOME_0716.png","0716.png"
"Menu_HOME_0717.png","0717.png"
"Menu_HOME_0718-10_Percent.png","Menu_HOME_0718-10_Percent.png"
"Menu_HOME_0718-Complete.png","0718-c.png"
"Menu_HOME_0718.png","0718.png"
"Menu_HOME_0719-Mega.png","0719-m.png"
"Menu_HOME_0719.png","0719.png"
"Menu_HOME_0720-Unbound.png","0720-u.png"
"Menu_HOME_0720.png","0720.png"
"Menu_HOME_0721.png","0721.png"
"Menu_HOME_0722.png","0722.png"
"Menu_HOME_0723.png","0723.png"
"Menu_HOME_0724-Hisui.png","0724-h.png"
"Menu_HOME_0724.png","0724.png"
"Menu_HOME_0725.png","0725.png"
"Menu_HOME_0726.png","0726.png"
"Menu_HOME_0727.png","0727.png"
"Menu_HOME_0728.png","0728.png"
"Menu_HOME_0729.png","0729.png"
"Menu_HOME_0730.png","0730.png"
"Menu_HOME_0731.png","0731.png"
"Menu_HOME_0732.png","0732.png"
"Menu_HOME_0733.png","0733.png"
"Menu_HOME_0734.png","0734.png"
"Menu_HOME_0735.png","0735.png"
"Menu_HOME_0736.png","0736.png"
"Menu_HOME_0737.png","0737.png"
"Menu_HOME_0738.png","0738.png"
"Menu_HOME_0739.png","0739.png"
"Menu_HOME_0740.png","0740.png"
"Menu_HOME_0741-Pa'u.png","0741-p.png"
"Menu_HOME_0741-Pom-Pom.png","0741-p.png"
"Menu_HOME_0741-Sensu.png","0741-s.png"
"Menu_HOME_0741.png","0741.png"
"Menu_HOME_0742.png","0742.png"
"Menu_HOME_0743.png","0743.png"
"Menu_HOME_0744.png","0744.png"
"Menu_HOME_0745-Dusk.png","0745-d.png"
"Menu_HOME_0745-Midnight.png","0745-m.png"
"Menu_HOME_0745.png","0745.png"
"Menu_HOME_0746-School.png","0746-s.png"
"Menu_HOME_0746.png","0746.png"
"Menu_HOME_0747.png","0747.png"
"Menu_HOME_0748.png","0748.png"
"Menu_HOME_0749.png","0749.png"
"Menu_HOME_0750.png","0750.png"
"Menu_HOME_0751.png","0751.png"
"Menu_HOME_0752.png","0752.png"
"Menu_HOME_0753.png","0753.png"
"Menu_HOME_0754.png","0754.png"
"Menu_HOME_0755.png","0755.png"
"Menu_HOME_0756.png","0756.png"
"Menu_HOME_0757.png","0757.png"
"Menu_HOME_0758.png","0758.png"
"Menu_HOME_0759.png","0759.png"
"Menu_HOME_0760.png","0760.png"
"Menu_HOME_0761.png","0761.png"
"Menu_HOME_0762.png","0762.png"
"Menu_HOME_0763.png","0763.png"
"Menu_HOME_0764.png","0764.png"
"Menu_HOME_0765.png","0765.png"
"Menu_HOME_0766.png","0766.png"
"Menu_HOME_0767.png","0767.png"
"Menu_HOME_0768.png","0768.png"
"Menu_HOME_0769.png","0769.png"
"Menu_HOME_0770.png","0770.png"
"Menu_HOME_0771.png","0771.png"
"Menu_HOME_0772.png","0772.png"
"Menu_HOME_0773.png","0773.png"
"Menu_HOME_0774-Blue.png","0774-b.png"
"Menu_HOME_0774-Green.png","0774-g.png"
"Menu_HOME_0774-Indigo.png","0774-i.png"
"Menu_HOME_0774-Orange.png","0774-o.png"
"Menu_HOME_0774-Red.png","0774-r.png"
"Menu_HOME_0774-Violet.png","0774-v.png"
"Menu_HOME_0774-Yellow.png","0774-y.png"
"Menu_HOME_0774.png","0774.png"
"Menu_HOME_0775.png","0775.png"
"Menu_HOME_0776.png","0776.png"
"Menu_HOME_0777.png","0777.png"
"Menu_HOME_0778.png","0778.png"
"Menu_HOME_0779.png","0779.png"
"Menu_HOME_0780.png","0780.png"
"Menu_HOME_0781.png","0781.png"
"Menu_HOME_0782.png","0782.png"
"Menu_HOME_0783.png","0783.png"
"Menu_HOME_0784.png","0784.png"
"Menu_HOME_0785.png","0785.png"
"Menu_HOME_0786.png","0786.png"
"Menu_HOME_0787.png","0787.png"
"Menu_HOME_0788.png","0788.png"
"Menu_HOME_0789.png","0789.png"
"Menu_HOME_0790.png","0790.png"
"Menu_HOME_0791.png","0791.png"
"Menu_HOME_0792.png","0792.png"
"Menu_HOME_0793.png","0793.png"
"Menu_HOME_0794.png","0794.png"
"Menu_HOME_0795.png","0795.png"
"Menu_HOME_0796.png","0796.png"
"Menu_HOME_0797.png","0797.png"
"Menu_HOME_0798.png","0798.png"
"Menu_HOME_0799.png","0799.png"
"Menu_HOME_0800-Dawn_Wings.png","0800-d.png"
"Menu_HOME_0800-Dusk_Mane.png","0800-d.png"
"Menu_HOME_0800-Ultra.png","0800-u.png"
"Menu_HOME_0800.png","0800.png"
"Menu_HOME_0801-Original_Color.png","0801-o.png"
"Menu_HOME_0801.png","0801.png"
"Menu_HOME_0802.png","0802.png"
"Menu_HOME_0803.png","0803.png"
"Menu_HOME_0804.png","0804.png"
"Menu_HOME_0805.png","0805.png"
"Menu_HOME_0806.png","0806.png"
"Menu_HOME_0807.png","0807.png"
"Menu_HOME_0808.png","0808.png"
"Menu_HOME_0809.png","0809.png"
"Menu_HOME_0810.png","0810.png"
"Menu_HOME_0811.png","0811.png"
"Menu_HOME_0812.png","0812.png"
"Menu_HOME_0813.png","0813.png"
"Menu_HOME_0814.png","0814.png"
"Menu_HOME_0815.png","0815.png"
"Menu_HOME_0816.png","0816.png"
"Menu_HOME_0817.png","0817.png"
"Menu_HOME_0818.png","0818.png"
"Menu_HOME_0819.png","0819.png"
"Menu_HOME_0820.png","0820.png"
"Menu_HOME_0821.png","0821.png"
"Menu_HOME_0822.png","0822.png"
"Menu_HOME_0823.png","0823.png"
"Menu_HOME_0824.png","0824.png"
"Menu_HOME_0825.png","0825.png"
"Menu_HOME_0826.png","0826.png"
"Menu_HOME_0827.png","0827.png"
"Menu_HOME_0828.png","0828.png"
"Menu_HOME_0829.png","0829.png"
"Menu_HOME_0830.png","0830.png"
"Menu_HOME_0831.png","0831.png"
"Menu_HOME_0832.png","0832.png"
"Menu_HOME_0833.png","0833.png"
"Menu_HOME_0834.png","0834.png"
"Menu_HOME_0835.png","0835.png"
"Menu_HOME_0836.png","0836.png"
"Menu_HOME_0837.png","0837.png"
"Menu_HOME_0838.png","0838.png"
"Menu_HOME_0839.png","0839.png"
"Menu_HOME_0840.png","0840.png"
"Menu_HOME_0841.png","0841.png"
"Menu_HOME_0842.png","0842.png"
"Menu_HOME_0843.png","0843.png"
"Menu_HOME_0844.png","0844.png"
"Menu_HOME_0845-Gorging.png","0845-g.png"
"Menu_HOME_0845-Gulping.png","0845-g.png"
"Menu_HOME_0845.png","0845.png"
"Menu_HOME_0846.png","0846.png"
"Menu_HOME_0847.png","0847.png"
"Menu_HOME_0848.png","0848.png"
"Menu_HOME_0849-Low_Key.png","0849-l.png"
"Menu_HOME_0849.png","0849.png"
"Menu_HOME_0850.png","0850.png"
"Menu_HOME_0851.png","0851.png"
"Menu_HOME_0852.png","0852.png"
"Menu_HOME_0853.png","0853.png"
"Menu_HOME_0854.png","0854.png"
"Menu_HOME_0855.png","0855.png"
"Menu_HOME_0856.png","0856.png"
"Menu_HOME_0857.png","0857.png"
"Menu_HOME_0858.png","0858.png"
"Menu_HOME_0859.png","0859.png"
"Menu_HOME_0860.png","0860.png"
"Menu_HOME_0861.png","0861.png"
"Menu_HOME_0862.png","0862.png"
"Menu_HOME_0863.png","0863.png"
"Menu_HOME_0864.png","0864.png"
"Menu_HOME_0865.png","0865.png"
"Menu_HOME_0866.png","0866.png"
"Menu_HOME_0867.png","0867.png"
"Menu_HOME_0868.png","0868.png"
"Menu_HOME_0869-Caramel.png","0869-c.png"
"Menu_HOME_0869-Lemon.png","0869-l.png"
"Menu_HOME_0869-Matcha.png","0869-m.png"
"Menu_HOME_0869-Mint.png","0869-m.png"
"Menu_HOME_0869-Rainbow.png","0869-r.png"
"Menu_HOME_0869-Ruby.png","0869-r.png"
"Menu_HOME_0869-Ruby_Swirl.png","0869-r.png"
"Menu_HOME_0869-Salted.png","0869-s.png"
"Menu_HOME_0869.png","0869.png"
"Menu_HOME_0870.png","0870.png"
"Menu_HOME_0871.png","0871.png"
"Menu_HOME_0872.png","0872.png"
"Menu_HOME_0873.png","0873.png"
"Menu_HOME_0874.png","0874.png"
"Menu_HOME_0875-Noice.png","0875-n.png"
"Menu_HOME_0875.png","0875.png"
"Menu_HOME_0876-Female.png","0876-f.png"
"Menu_HOME_0876.png","0876.png"
"Menu_HOME_0877-Hangry.png","0877-h.png"
"Menu_HOME_0877.png","0877.png"
"Menu_HOME_0878.png","0878.png"
"Menu_HOME_0879.png","0879.png"
"Menu_HOME_0880.png","0880.png"
"Menu_HOME_0881.png","0881.png"
"Menu_HOME_0882.png","0882.png"
"Menu_HOME_0883.png","0883.png"
"Menu_HOME_0884.png","0884.png"
"Menu_HOME_0885.png","0885.png"
"Menu_HOME_0886.png","0886.png"
"Menu_HOME_0887.png","0887.png"
"Menu_HOME_0888-Crowned.png","0888-c.png"
"Menu_HOME_0888.png","0888.png"
"Menu_HOME_0889-Crowned.png","0889-c.png"
"Menu_HOME_0889.png","0889.png"
"Menu_HOME_0890.png","0890.png"
"Menu_HOME_0891.png","0891.png"
"Menu_HOME_0892.png","0892.png"
"Menu_HOME_0893-Dada.png","0893-d.png"
"Menu_HOME_0893.png","0893.png"
"Menu_HOME_0894.png","0894.png"
"Menu_HOME_0895.png","0895.png"
"Menu_HOME_0896.png","0896.png"
"Menu_HOME_0897.png","0897.png"
"Menu_HOME_0898-Ice_Rider.png","0898-i.png"
"Menu_HOME_0898-Shadow_Rider.png","0898-s.png"
"Menu_HOME_0898.png","0898.png"
"Menu_HOME_0899.png","0899.png"
"Menu_HOME_0900.png","0900.png"
"Menu_HOME_0901-Bloodmoon.png","0901-b.png"
"Menu_HOME_0901.png","0901.png"
"Menu_HOME_0902-Female.png","0902-f.png"
"Menu_HOME_0902.png","0902.png"
"Menu_HOME_0903.png","0903.png"
"Menu_HOME_0904.png","0904.png"
"Menu_HOME_0905-Therian.png","0905-t.png"
"Menu_HOME_0905.png","0905.png"
"Menu_HOME_0906.png","0906.png"
"Menu_HOME_0907.png","0907.png"
"Menu_HOME_0908.png","0908.png"
"Menu_HOME_0909.png","0909.png"
"Menu_HOME_0910.png","0910.png"
"Menu_HOME_0911.png","0911.png"
"Menu_HOME_0912.png","0912.png"
"Menu_HOME_0913.png","0913.png"
"Menu_HOME_0914.png","0914.png"
"Menu_HOME_0915.png","0915.png"
"Menu_HOME_0916-Female.png","0916-f.png"
"Menu_HOME_0916.png","0916.png"
"Menu_HOME_0917.png","0917.png"
"Menu_HOME_0918.png","0918.png"
"Menu_HOME_0919.png","0919.png"
"Menu_HOME_0920.png","0920.png"
"Menu_HOME_0921.png","0921.png"
"Menu_HOME_0922.png","0922.png"
"Menu_HOME_0923.png","0923.png"
"Menu_HOME_0924.png","0924.png"
"Menu_HOME_0925-Three.png","0925-t.png"
"Menu_HOME_0925.png","0925.png"
"Menu_HOME_0926.png","0926.png"
"Menu_HOME_0927.png","0927.png"
"Menu_HOME_0928.png","0928.png"
"Menu_HOME_0929.png","0929.png"
"Menu_HOME_0930.png","0930.png"
"Menu_HOME_0931-Blue.png","0931-b.png"
"Menu_HOME_0931-White.png","0931-w.png"
"Menu_HOME_0931-Yellow.png","0931-y.png"
"Menu_HOME_0931.png","0931.png"
"Menu_HOME_0932.png","0932.png"
"Menu_HOME_0933.png","0933.png"
"Menu_HOME_0934.png","0934.png"
"Menu_HOME_0935.png","0935.png"
"Menu_HOME_0936.png","0936.png"
"Menu_HOME_0937.png","0937.png"
"Menu_HOME_0938.png","0938.png"
"Menu_HOME_0939.png","0939.png"
"Menu_HOME_0940.png","0940.png"
"Menu_HOME_0941.png","0941.png"
"Menu_HOME_0942.png","0942.png"
"Menu_HOME_0943.png","0943.png"
"Menu_HOME_0944.png","0944.png"
"Menu_HOME_0945.png","0945.png"
"Menu_HOME_0946.png","0946.png"
"Menu_HOME_0947.png","0947.png"
"Menu_HOME_0948.png","0948.png"
"Menu_HOME_0949.png","0949.png"
"Menu_HOME_0950.png","0950.png"
"Menu_HOME_0951.png","0951.png"
"Menu_HOME_0952.png","0952.png"
"Menu_HOME_0953.png","0953.png"
"Menu_HOME_0954.png","0954.png"
"Menu_HOME_0955.png","0955.png"
"Menu_HOME_0956.png","0956.png"
"Menu_HOME_0957.png","0957.png"
"Menu_HOME_0958.png","0958.png"
"Menu_HOME_0959.png","0959.png"
"Menu_HOME_0960.png","0960.png"
"Menu_HOME_0961.png","0961.png"
"Menu_HOME_0962.png","0962.png"
"Menu_HOME_0963.png","0963.png"
"Menu_HOME_0964-Hero.png","0964-h.png"
"Menu_HOME_0964.png","0964.png"
"Menu_HOME_0965.png","0965.png"
"Menu_HOME_0966.png","0966.png"
"Menu_HOME_0967.png","0967.png"
"Menu_HOME_0968.png","0968.png"
"Menu_HOME_0969.png","0969.png"
"Menu_HOME_0970.png","0970.png"
"Menu_HOME_0971.png","0971.png"
"Menu_HOME_0972.png","0972.png"
"Menu_HOME_0973.png","0973.png"
"Menu_HOME_0974.png","0974.png"
"Menu_HOME_0975.png","0975.png"
"Menu_HOME_0976.png","0976.png"
"Menu_HOME_0977.png","0977.png"
"Menu_HOME_0978-Droopy.png","0978-d.png"
"Menu_HOME_0978-Stretchy.png","0978-s.png"
"Menu_HOME_0978.png","0978.png"
"Menu_HOME_0979.png","0979.png"
"Menu_HOME_0980.png","0980.png"
"Menu_HOME_0981.png","0981.png"
"Menu_HOME_0982.png","0982.png"
"Menu_HOME_0983.png","0983.png"
"Menu_HOME_0984.png","0984.png"
"Menu_HOME_0985.png","0985.png"
"Menu_HOME_0986.png","0986.png"
"Menu_HOME_0987.png","0987.png"
"Menu_HOME_0988.png","0988.png"
"Menu_HOME_0989.png","0989.png"
"Menu_HOME_0990.png","0990.png"
"Menu_HOME_0991.png","0991.png"
"Menu_HOME_0992.png","0992.png"
"Menu_HOME_0993.png","0993.png"
"Menu_HOME_0994.png","0994.png"
"Menu_HOME_0995.png","0995.png"
"Menu_HOME_0996.png","0996.png"
"Menu_HOME_0997.png","0997.png"
"Menu_HOME_0998.png","0998.png"
"Menu_HOME_0999-Roaming.png","0999-r.png"
"Menu_HOME_0999.png","0999.png"
"Menu_HOME_1000.png","1000.png"
"Menu_HOME_1001.png","1001.png"
"Menu_HOME_1002.png","1002.png"
"Menu_HOME_1003.png","1003.png"
"Menu_HOME_1004.png","1004.png"
"Menu_HOME_1005.png","1005.png"
"Menu_HOME_1006.png","1006.png"
"Menu_HOME_1007-Sprinting.png","1007-s.png"
"Menu_HOME_1007.png","1007.png"
"Menu_HOME_1008-Drive.png","1008-d.png"
"Menu_HOME_1008.png","1008.png"
"Menu_HOME_1009.png","1009.png"
"Menu_HOME_1010.png","1010.png"
"Menu_HOME_1011.png","1011.png"
"Menu_HOME_1012.png","1012.png"
"Menu_HOME_1013.png","1013.png"
"Menu_HOME_1014.png","1014.png"
"Menu_HOME_1015.png","1015.png"
"Menu_HOME_1016.png","1016.png"
"Menu_HOME_1017-Cornerstone_Mask.png","1017-c.png"
"Menu_HOME_1017-Hearthflame_Mask.png","1017-h.png"
"Menu_HOME_1017-Wellspring_Mask.png","1017-w.png"
"Menu_HOME_1017.png","1017.png"
"Menu_HOME_1018.png","1018.png"
"Menu_HOME_1019.png","1019.png"
"Menu_HOME_1020.png","1020.png"
"Menu_HOME_1021.png","1021.png"
"Menu_HOME_1022.png","1022.png"
"Menu_HOME_1023.png","1023.png"
"Menu_HOME_1024.png","1024.png"
"Menu_HOME_1025.png","1025.png"
"Menu_HOME_Egg.png","Menu_HOME_Egg.png"
